name,email,date_of_birth,mobile_no,first_name,last_name,above_18,membership_id
Aaron Wilson,Aaron_Wilson@burke-benton.net,19870517,75053391,Aaron,Wilson,true,Wilson_6845c
Samuel Lee,Samuel_Lee@gardner-rodriguez.net,19740902,57636831,Samuel,Lee,true,Lee_d3d5c
Jennifer Weaver,Jennifer_Weaver@patterson.com,19781015,74152151,Jennifer,Weaver,true,Weaver_feb81
Leonard Hamilton,Leonard_Hamilton@brown.com,19880229,76082775,Leonard,Hamilton,true,Hamilton_f2276
Kathy Phillips,Kathy_Phillips@floyd.com,19841216,57829247,Kathy,Phillips,true,Phillips_608c9
Jennifer Jimenez,Jennifer_Jimenez@morgan.com,19921121,59592559,Jennifer,Jimenez,true,Jimenez_5ed59
Victoria Lawson,Victoria_Lawson@snyder.com,19541204,24045823,Victoria,Lawson,true,Lawson_c755d
Michael Martinez,Michael_Martinez@hogan.net,19521107,40271975,Michael,Martinez,true,Martinez_bc0fc
Dr. Paul Jones,Paul_Jones@clark-irwin.com,19940215,91301999,Paul,Jones,true,Jones_f903f
Danielle Tran,Danielle_Tran@mann.com,19880826,85246679,Danielle,Tran,true,Tran_40aaa
Jeff Freeman,Jeff_Freeman@guzman.com,20030520,13590655,Jeff,Freeman,true,Freeman_35a3d
Marissa Jones,Marissa_Jones@lewis.net,19580806,32094119,Marissa,Jones,true,Jones_cdd9f
Elijah Roy,Elijah_Roy@jones-baldwin.com,19870705,57159015,Elijah,Roy,true,Roy_57ef7
Courtney Simpson,Courtney_Simpson@preston-cantrell.com,19731103,77314887,Courtney,Simpson,true,Simpson_7383f
Kimberly Hopkins,Kimberly_Hopkins@adams.com,19931022,67364511,Kimberly,Hopkins,true,Hopkins_56d12
William King,William_King@cline-allen.com,19841115,21561215,William,King,true,King_4ae33
Stephanie Robertson,Stephanie_Robertson@owen-rodriguez.com,20020805,75259367,Stephanie,Robertson,true,Robertson_c09d4
Rickey Hill,Rickey_Hill@parker-cohen.com,19640430,56465207,Rickey,Hill,true,Hill_bd6cc
Erika Stewart,Erika_Stewart@solis.com,19851226,83552695,Erika,Stewart,true,Stewart_40f40
Christina Johnson,Christina_Johnson@clark.com,20010622,30262983,Christina,Johnson,true,Johnson_5dcd5
Kelli Wells,Kelli_Wells@jones.com,19540308,27406215,Kelli,Wells,true,Wells_5c2c0
Nathan Archer,Nathan_Archer@gray.com,19560723,72954367,Nathan,Archer,true,Archer_c6232
Michael Kline,Michael_Kline@phelps-alvarez.com,19650623,20968343,Michael,Kline,true,Kline_6fe75
Joshua Rodriguez,Joshua_Rodriguez@thornton-benitez.com,19530317,27953967,Joshua,Rodriguez,true,Rodriguez_1eec6
James Rodriguez,James_Rodriguez@logan.com,19810717,50981423,James,Rodriguez,true,Rodriguez_a7ea3
Robert Ortega,Robert_Ortega@perez.com,19600316,57040695,Robert,Ortega,true,Ortega_7f647
Teresa Ruiz,Teresa_Ruiz@holmes.com,19510904,22432447,Teresa,Ruiz,true,Ruiz_e89df
Madison Mejia,Madison_Mejia@sims.com,19530323,73824679,Madison,Mejia,true,Mejia_10b0a
James Bailey,James_Bailey@flynn.net,19861007,26146743,James,Bailey,true,Bailey_b3b3b
Mary Perry,Mary_Perry@williams.net,19730808,57879711,Mary,Perry,true,Perry_e8625
Crystal Jones,Crystal_Jones@webb.com,19620914,39588047,Crystal,Jones,true,Jones_85733
Aaron Brown,Aaron_Brown@yates.com,19860502,43815191,Aaron,Brown,true,Brown_9035e
Tanya Barajas,Tanya_Barajas@davis.com,19740430,92793871,Tanya,Barajas,true,Barajas_c09f8
Samantha Rasmussen,Samantha_Rasmussen@stokes-leon.com,19940621,26634223,Samantha,Rasmussen,true,Rasmussen_0fcc4
Vincent Martin,Vincent_Martin@wright-lee.com,19840124,55457087,Vincent,Martin,true,Martin_92713
Tony Crawford,Tony_Crawford@moore.com,19870818,15997263,Tony,Crawford,true,Crawford_a2a35
Randy Sullivan,Randy_Sullivan@perez.net,19611025,15665967,Randy,Sullivan,true,Sullivan_7d828
Kimberly Thompson,Kimberly_Thompson@brewer-walters.net,20001211,88531623,Kimberly,Thompson,true,Thompson_77cc8
Martin Compton,Martin_Compton@morgan.com,19840602,42037887,Martin,Compton,true,Compton_395a9
Tracy Brown,Tracy_Brown@joyce.com,19720823,26044711,Tracy,Brown,true,Brown_8baf8
Leslie Preston,Leslie_Preston@johns.com,19720510,71892959,Leslie,Preston,true,Preston_d0922
Jay Parker,Jay_Parker@fowler.net,19930930,57583783,Jay,Parker,true,Parker_311d6
Lance Williams,Lance_Williams@williams.net,19730807,19310567,Lance,Williams,true,Williams_44d67
Kathleen Allen,Kathleen_Allen@cook.com,19860113,38829559,Kathleen,Allen,true,Allen_b02ca
Marie Lamb,Marie_Lamb@hampton.com,19790410,26841263,Marie,Lamb,true,Lamb_5dc6d
Nathan Flores,Nathan_Flores@gibbs.net,19790409,86883135,Nathan,Flores,true,Flores_a43fb
Ashley Caldwell,Ashley_Caldwell@mason-bryant.com,19880903,13420663,Ashley,Caldwell,true,Caldwell_aa013
Renee Martin,Renee_Martin@crawford-walker.com,19810421,55803823,Renee,Martin,true,Martin_caab2
Keith Parker,Keith_Parker@moore.com,19640826,40120471,Keith,Parker,true,Parker_0793e
Melissa Levy,Melissa_Levy@arroyo.com,19500330,51842935,Melissa,Levy,true,Levy_bef91
Brandon Powell,Brandon_Powell@craig-gonzales.net,19760606,43375815,Brandon,Powell,true,Powell_fe4b6
Kimberly Stone,Kimberly_Stone@murphy-bryant.com,19940512,25323999,Kimberly,Stone,true,Stone_1d9aa
Adam Jones,Adam_Jones@ashley.com,19730316,55082935,Adam,Jones,true,Jones_575ba
Elizabeth Andersen,Elizabeth_Andersen@baker.com,19740123,69096535,Elizabeth,Andersen,true,Andersen_61066
Destiny Lutz,Destiny_Lutz@thompson-wright.com,19940412,87853607,Destiny,Lutz,true,Lutz_3427f
Brandy Allen,Brandy_Allen@hardy-griffin.com,19810113,92130799,Brandy,Allen,true,Allen_54dd1
Stephanie Decker,Stephanie_Decker@barrett.net,19770905,92626639,Stephanie,Decker,true,Decker_0c2ca
Michelle Keller,Michelle_Keller@johnson.com,19510607,56139711,Michelle,Keller,true,Keller_80065
Stacey Yates,Stacey_Yates@lewis.com,19921208,30115967,Stacey,Yates,true,Yates_0613f
Sue Lee,Sue_Lee@rojas.com,19860829,97367575,Sue,Lee,true,Lee_f9df7
Anna Long,Anna_Long@coleman.com,19740316,52566967,Anna,Long,true,Long_850ab
Annette Watson,Annette_Watson@brown-brennan.com,19580423,67851175,Annette,Watson,true,Watson_6dc0c
James Thomas,James_Thomas@torres.net,19520509,58718239,James,Thomas,true,Thomas_6cc50
Kelli Olson,Kelli_Olson@campbell.net,19960723,50265023,Kelli,Olson,true,Olson_50aa7
Becky Reid,Becky_Reid@vargas.net,19751027,37025287,Becky,Reid,true,Reid_1bdd4
Wesley Shaw,Wesley_Shaw@henderson-gibson.com,19830121,76819471,Wesley,Shaw,true,Shaw_afe1c
Pamela Boyd,Pamela_Boyd@freeman.com,19680628,25030751,Pamela,Boyd,true,Boyd_94bd7
Jeremy Lewis,Jeremy_Lewis@murray.com,19530107,44159519,Jeremy,Lewis,true,Lewis_644d9
Jennifer Garza,Jennifer_Garza@herrera-klein.com,19890603,31999455,Jennifer,Garza,true,Garza_be6d1
Joseph Perry,Joseph_Perry@tucker.com,19510616,16254071,Joseph,Perry,true,Perry_b530f
Heather Herman,Heather_Herman@williams-lindsey.com,19710606,97877423,Heather,Herman,true,Herman_0ab62
Laura Lopez,Laura_Lopez@rodriguez.com,19901221,72627367,Laura,Lopez,true,Lopez_ea347
Reginald Barnes,Reginald_Barnes@walker-robinson.com,19730214,19884399,Reginald,Barnes,true,Barnes_f462c
Robert Weaver,Robert_Weaver@young-leonard.com,19820218,39131199,Robert,Weaver,true,Weaver_201e1
Beth Martinez,Beth_Martinez@johnson.com,19681225,87909191,Beth,Martinez,true,Martinez_204f4
Spencer Ware,Spencer_Ware@montgomery-lane.com,19801009,74599951,Spencer,Ware,true,Ware_0b5e6
Willie Erickson,Willie_Erickson@bartlett.com,19910110,53673855,Willie,Erickson,true,Erickson_3df9d
Daniel Nguyen,Daniel_Nguyen@mccall.com,19590903,37673823,Daniel,Nguyen,true,Nguyen_6a5e7
Leonard Martinez,Leonard_Martinez@mcbride.com,19560922,14452319,Leonard,Martinez,true,Martinez_7564a
Robert Stephens,Robert_Stephens@lopez.com,20000619,92784815,Robert,Stephens,true,Stephens_5a6e3
Daniel Chen,Daniel_Chen@little.com,19520716,46750383,Daniel,Chen,true,Chen_7d3b1
Samuel Dalton,Samuel_Dalton@marquez.com,19960916,75194711,Samuel,Dalton,true,Dalton_32ce4
Heather Bennett,Heather_Bennett@hamilton-blair.com,20020105,64795847,Heather,Bennett,true,Bennett_dcbc8
Joshua King,Joshua_King@hale.net,20000106,99342223,Joshua,King,true,King_89592
Crystal Blake,Crystal_Blake@parker.com,19701117,97878511,Crystal,Blake,true,Blake_e7660
Amanda Evans,Amanda_Evans@cox.com,19590224,92559519,Amanda,Evans,true,Evans_62a52
Sergio Day,Sergio_Day@guzman-garrett.com,19510531,27091295,Sergio,Day,true,Day_69b70
Julie Boyd,Julie_Boyd@white-george.com,19690906,47949079,Julie,Boyd,true,Boyd_9e514
Logan Watkins,Logan_Watkins@hernandez.com,20000511,87081215,Logan,Watkins,true,Watkins_c9964
Steven Ortiz,Steven_Ortiz@hamilton.com,19670605,15073183,Steven,Ortiz,true,Ortiz_c84c2
Lisa Marquez,Lisa_Marquez@day-smith.com,19710326,18443671,Lisa,Marquez,true,Marquez_7aa36
Jennifer Martin,Jennifer_Martin@moore.com,19830527,83212175,Jennifer,Martin,true,Martin_82381
Arthur Chandler,Arthur_Chandler@martin.com,19610210,18438007,Arthur,Chandler,true,Chandler_4ab75
Ronald Hudson,Ronald_Hudson@carson.com,19511003,66192423,Ronald,Hudson,true,Hudson_01af1
Jennifer Lee,Jennifer_Lee@guerra-lopez.com,19500104,35305031,Jennifer,Lee,true,Lee_d7999
Gregory Yoder,Gregory_Yoder@robinson-johnson.com,19530620,75705319,Gregory,Yoder,true,Yoder_70108
Carolyn Harmon,Carolyn_Harmon@watts-horn.com,19980124,55977599,Carolyn,Harmon,true,Harmon_69598
Dr. Christopher Harrell,Christopher_Harrell@lindsey.com,19700630,52999479,Christopher,Harrell,true,Harrell_7257b
Kevin Johnson,Kevin_Johnson@rogers.com,19930802,15154639,Kevin,Johnson,true,Johnson_a67f3
Michael Harrison,Michael_Harrison@franklin.com,19510819,29087871,Michael,Harrison,true,Harrison_087c8
Terry Moore,Terry_Moore@barker-ayers.com,19870615,19828167,Terry,Moore,true,Moore_c62aa
James Rogers,James_Rogers@green.net,19930704,65821255,James,Rogers,true,Rogers_656af
Kathleen Tran,Kathleen_Tran@wilson.net,19740211,20044927,Kathleen,Tran,true,Tran_b0eca
Jacqueline Conway,Jacqueline_Conway@robinson-carson.com,19710617,91842383,Jacqueline,Conway,true,Conway_ae427
Maxwell Cole,Maxwell_Cole@larson.com,19510203,41796463,Maxwell,Cole,true,Cole_92aa4
Bethany Williamson,Bethany_Williamson@flores.com,19540310,40227935,Bethany,Williamson,true,Williamson_2b72a
Joseph Wright,Joseph_Wright@powell.net,19570521,40768583,Joseph,Wright,true,Wright_f1b73
Heidi Bolton,Heidi_Bolton@spencer.com,19560616,58079023,Heidi,Bolton,true,Bolton_06e0a
Daniel Lewis,Daniel_Lewis@robertson.com,19770205,48084439,Daniel,Lewis,true,Lewis_e0082
Dale Ramirez,Dale_Ramirez@patton.com,19550323,59875791,Dale,Ramirez,true,Ramirez_63293
Carol Sharp,Carol_Sharp@garcia-lamb.com,19750312,18014567,Carol,Sharp,true,Sharp_7f0b3
Joseph Buck,Joseph_Buck@jacobs.com,19520311,34270063,Joseph,Buck,true,Buck_542b9
Lynn Anderson,Lynn_Anderson@williams-carter.com,19960113,75488911,Lynn,Anderson,true,Anderson_542fb
Sarah Harris,Sarah_Harris@thomas-sanchez.com,20010530,52442775,Sarah,Harris,true,Harris_526ca
Victor Owens,Victor_Owens@collins.com,19960815,53064383,Victor,Owens,true,Owens_620f1
Kimberly Koch,Kimberly_Koch@rodriguez.net,19870125,35893839,Kimberly,Koch,true,Koch_43971
Allison Obrien,Allison_Obrien@bailey-sanders.com,19620423,81154631,Allison,Obrien,true,Obrien_00e34
John Rogers,John_Rogers@oneill.com,19710905,21046575,John,Rogers,true,Rogers_160f6
Janet Collins,Janet_Collins@farrell.com,19840721,89424095,Janet,Collins,true,Collins_120bd
Kristin Lawson,Kristin_Lawson@salinas.com,19760111,36661711,Kristin,Lawson,true,Lawson_cbf97
James Castaneda,James_Castaneda@miller-hart.com,19640126,64715807,James,Castaneda,true,Castaneda_7660a
Robert Ortiz,Robert_Ortiz@saunders-hunter.com,19761108,80296223,Robert,Ortiz,true,Ortiz_66abd
Connie Harper,Connie_Harper@lewis.com,19950627,21369119,Connie,Harper,true,Harper_709ac
Debbie Burns,Debbie_Burns@salinas.com,19830806,95570935,Debbie,Burns,true,Burns_f2b3a
Gabriel Preston,Gabriel_Preston@black.com,19961120,88336263,Gabriel,Preston,true,Preston_b6298
Brandon Orozco,Brandon_Orozco@greene.com,19870717,59988495,Brandon,Orozco,true,Orozco_02d2b
Kari Nguyen,Kari_Nguyen@farley.com,19991119,47980591,Kari,Nguyen,true,Nguyen_6f546
Brittany Hill,Brittany_Hill@rogers-hoffman.com,19870605,90817791,Brittany,Hill,true,Hill_2c87a
Carrie Martinez,Carrie_Martinez@hendrix.com,19740124,96107743,Carrie,Martinez,true,Martinez_a7c33
Linda White,Linda_White@moore.com,19751015,84876711,Linda,White,true,White_e9960
Jake Spencer,Jake_Spencer@murphy.com,20020509,53533879,Jake,Spencer,true,Spencer_c21d7
Joseph Chan,Joseph_Chan@hutchinson-gutierrez.com,19660922,19544079,Joseph,Chan,true,Chan_f9d1e
Kathleen Ali,Kathleen_Ali@horn-rogers.com,19960602,45338687,Kathleen,Ali,true,Ali_a2746
Danielle Stephens,Danielle_Stephens@miller.net,19610929,16838823,Danielle,Stephens,true,Stephens_baaae
Brianna Schaefer,Brianna_Schaefer@nelson-mcmahon.com,19761203,34700887,Brianna,Schaefer,true,Schaefer_ac7f3
Angela Morris,Angela_Morris@murray.com,19760702,89409391,Angela,Morris,true,Morris_9ba0c
Jessica Smith,Jessica_Smith@walsh-steele.com,19510531,97984639,Jessica,Smith,true,Smith_69b70
Brenda Long,Brenda_Long@carter.net,19510914,45992583,Brenda,Long,true,Long_f0fca
Megan Taylor,Megan_Taylor@montgomery.com,19930510,12610975,Megan,Taylor,true,Taylor_757b6
Kelly Morales,Kelly_Morales@sanchez.com,19800227,44799815,Kelly,Morales,true,Morales_3cabc
Sheri Johnson,Sheri_Johnson@lucas.com,19880422,34118127,Sheri,Johnson,true,Johnson_5c594
Lori Pacheco,Lori_Pacheco@ayala.com,19620630,94662495,Lori,Pacheco,true,Pacheco_7ccf5
Sandra Schmidt,Sandra_Schmidt@herrera.com,19590711,50638143,Sandra,Schmidt,true,Schmidt_be25c
Ms. Rachel Hill,Rachel_Hill@gutierrez.com,19541202,55824367,Rachel,Hill,true,Hill_2b641
Emily Case,Emily_Case@lewis.com,19850508,90216215,Emily,Case,true,Case_1fe51
Seth Alvarez,Seth_Alvarez@conrad.com,19800108,90929927,Seth,Alvarez,true,Alvarez_af321
Jose Reyes,Jose_Reyes@garcia.com,19700929,94563263,Jose,Reyes,true,Reyes_0a636
Zachary Le,Zachary_Le@whitaker.com,19851028,56441999,Zachary,Le,true,Le_44e84
Rhonda Anthony,Rhonda_Anthony@lawson.com,19740915,12850551,Rhonda,Anthony,true,Anthony_91ec3
Joseph Hill,Joseph_Hill@rodriguez-newton.com,20020923,89902687,Joseph,Hill,true,Hill_0d4d9
Erin Davis,Erin_Davis@sanchez.net,19600917,22992863,Erin,Davis,true,Davis_dbcb2
Lucas Brown,Lucas_Brown@miller.com,19891101,34675679,Lucas,Brown,true,Brown_1ebf8
William Garcia,William_Garcia@powell.com,19850912,25729991,William,Garcia,true,Garcia_72e9b
Lauren Swanson,Lauren_Swanson@pena-pierce.com,19610921,85204407,Lauren,Swanson,true,Swanson_b3ea5
John Frank,John_Frank@martin.com,19500519,42691023,John,Frank,true,Frank_4dfb9
Nicole Schmidt,Nicole_Schmidt@stephens.com,19651109,86157423,Nicole,Schmidt,true,Schmidt_54bf2
Nathan Gray,Nathan_Gray@scott-gonzalez.com,19960618,48983767,Nathan,Gray,true,Gray_15cd6
Nichole Delgado,Nichole_Delgado@dixon-cruz.com,19720305,60338223,Nichole,Delgado,true,Delgado_f68ba
Marcus Rodriguez,Marcus_Rodriguez@jones.com,19690511,23424599,Marcus,Rodriguez,true,Rodriguez_3a35b
Samuel Solomon,Samuel_Solomon@wolf.net,19871230,26166751,Samuel,Solomon,true,Solomon_23bae
Katrina Miller,Katrina_Miller@grimes.com,19540308,81240247,Katrina,Miller,true,Miller_5c2c0
Raymond Conner,Raymond_Conner@oneal-johnson.com,19970128,95736583,Raymond,Conner,true,Conner_71970
Lori Fuller,Lori_Fuller@gordon.com,19680101,54288255,Lori,Fuller,true,Fuller_9068b
Corey Wilson,Corey_Wilson@hoover-hernandez.com,19531011,39467535,Corey,Wilson,true,Wilson_da57e
Holly James,Holly_James@macdonald.com,19641104,62732175,Holly,James,true,James_e7a3a
Alicia Mccarty,Alicia_Mccarty@beasley.com,19820916,57669519,Alicia,Mccarty,true,Mccarty_a4b9d
Zoe Christian,Zoe_Christian@grant.com,19990319,22170983,Zoe,Christian,true,Christian_90eb3
Nicholas Watson,Nicholas_Watson@williams.com,19620403,72181751,Nicholas,Watson,true,Watson_61db6
Victoria Wood,Victoria_Wood@proctor-baker.com,19910622,13955959,Victoria,Wood,true,Wood_67f27
Jillian Knight,Jillian_Knight@davenport.com,19881108,20417711,Jillian,Knight,true,Knight_10192
Ryan Fisher,Ryan_Fisher@fletcher.com,19871030,63505855,Ryan,Fisher,true,Fisher_27703
Stephanie Howe,Stephanie_Howe@allen.com,19630905,37283343,Stephanie,Howe,true,Howe_a7c94
Kenneth Kim,Kenneth_Kim@duran.com,19990505,37818767,Kenneth,Kim,true,Kim_c0e4a
Andrew Macias,Andrew_Macias@douglas.com,19661013,28232535,Andrew,Macias,true,Macias_a4116
Elizabeth Huffman,Elizabeth_Huffman@zamora.com,19580918,15486151,Elizabeth,Huffman,true,Huffman_fb25a
Christina Stone,Christina_Stone@medina.com,19930320,34449775,Christina,Stone,true,Stone_9ab9f
Alexander Merritt,Alexander_Merritt@butler.net,19800913,33574735,Alexander,Merritt,true,Merritt_696fd
Kelly Sanders,Kelly_Sanders@coleman.com,19520413,29703695,Kelly,Sanders,true,Sanders_e9c2f
Matthew Jones,Matthew_Jones@arnold.com,20000615,98616991,Matthew,Jones,true,Jones_fae51
Sarah David,Sarah_David@collier.net,19981216,97218247,Sarah,David,true,David_39e9f
Carmen Barajas,Carmen_Barajas@smith.com,19810526,34685455,Carmen,Barajas,true,Barajas_62836
Angela Johnson,Angela_Johnson@stewart.com,19840827,62439103,Angela,Johnson,true,Johnson_5dcba
Melissa Sparks,Melissa_Sparks@sanchez-stevenson.com,19930802,27530863,Melissa,Sparks,true,Sparks_a67f3
Katherine Hill,Katherine_Hill@tran.com,19830918,37709951,Katherine,Hill,true,Hill_e971e
Kristin Hart,Kristin_Hart@ortega.com,19661217,36255543,Kristin,Hart,true,Hart_3b264
Jacqueline Ho,Jacqueline_Ho@henry.com,19610131,75359367,Jacqueline,Ho,true,Ho_73551
Michael Knight,Michael_Knight@davidson.com,19870408,71412263,Michael,Knight,true,Knight_e66ab
Heather Arroyo,Heather_Arroyo@martinez.com,19790709,36165719,Heather,Arroyo,true,Arroyo_44022
Lori Larson,Lori_Larson@flowers.com,19630807,38397103,Lori,Larson,true,Larson_06714
David Vazquez,David_Vazquez@davila-beck.com,19900612,57160871,David,Vazquez,true,Vazquez_13d09
Sherry Hicks,Sherry_Hicks@stout-nicholson.com,19611127,12514111,Sherry,Hicks,true,Hicks_5e5f2
Sarah Davila,Sarah_Davila@nash.com,19790906,46685303,Sarah,Davila,true,Davila_1977b
Karen Oneill,Karen_Oneill@gomez.com,19921004,72265879,Karen,Oneill,true,Oneill_7278c
Nicholas Mills,Nicholas_Mills@williams.com,19631001,68844231,Nicholas,Mills,true,Mills_f511a
Jennifer Montgomery,Jennifer_Montgomery@estrada-cole.com,19710715,53834071,Jennifer,Montgomery,true,Montgomery_1a334
Cynthia Bailey,Cynthia_Bailey@oneill.com,19790825,48942719,Cynthia,Bailey,true,Bailey_13beb
John Wright,John_Wright@harris.com,19831019,96650335,John,Wright,true,Wright_fefcf
Sheila Brown,Sheila_Brown@stevens-edwards.com,19821128,32490999,Sheila,Brown,true,Brown_565a7
Lisa Moore,Lisa_Moore@ramos.com,19941119,99493567,Lisa,Moore,true,Moore_a6529
Julian Newman,Julian_Newman@haynes.com,19580313,49873159,Julian,Newman,true,Newman_15a27
Thomas Ferguson,Thomas_Ferguson@guzman.com,19591213,28787319,Thomas,Ferguson,true,Ferguson_fb458
Lauren Rodriguez,Lauren_Rodriguez@soto.com,19931016,27106623,Lauren,Rodriguez,true,Rodriguez_a9b99
Richard Anderson,Richard_Anderson@white.com,19580607,66751511,Richard,Anderson,true,Anderson_7118f
Jessica Lee,Jessica_Lee@brown-baxter.com,19670124,89410823,Jessica,Lee,true,Lee_7f12f
Martin Allen,Martin_Allen@steele.com,20020924,99969439,Martin,Allen,true,Allen_7a4f2
Angela Mitchell,Angela_Mitchell@moreno-evans.com,19690105,50190223,Angela,Mitchell,true,Mitchell_06d3f
Derrick Sanchez,Derrick_Sanchez@mitchell.com,19700424,97980535,Derrick,Sanchez,true,Sanchez_9f266
Christine Ellis,Christine_Ellis@blackwell.com,19980617,69393823,Christine,Ellis,true,Ellis_b9ff0
Alyssa Salinas,Alyssa_Salinas@robbins.com,19980710,41363847,Alyssa,Salinas,true,Salinas_8ad1c
Mr. Kevin Walsh,Kevin_Walsh@hamilton.net,19920805,63251375,Kevin,Walsh,true,Walsh_8cd29
Kenneth Knox,Kenneth_Knox@zamora.com,19990626,47904991,Kenneth,Knox,true,Knox_d64ed
Steve Mitchell,Steve_Mitchell@adkins-russell.com,19751027,98789479,Steve,Mitchell,true,Mitchell_1bdd4
Craig Hendricks,Craig_Hendricks@garcia-higgins.com,19951018,51721063,Craig,Hendricks,true,Hendricks_a352c
Ricky Kerr,Ricky_Kerr@gonzalez-martinez.com,19510625,43238807,Ricky,Kerr,true,Kerr_a02d8
Gloria Aguilar,Gloria_Aguilar@dorsey-donaldson.com,19690606,69773231,Gloria,Aguilar,true,Aguilar_d3661
Alexander Knight,Alexander_Knight@doyle.com,19740812,41639975,Alexander,Knight,true,Knight_7e064
Joseph Cross,Joseph_Cross@mason-shaw.net,19530126,35750023,Joseph,Cross,true,Cross_36c08
Dr. Joel Myers PhD,Joel_Myers@smith-willis.net,19720920,49665991,Joel,Myers,true,Myers_1466d
Michael Mckee,Michael_Mckee@gordon.com,20000917,87409327,Michael,Mckee,true,Mckee_92c0e
Roy Park,Roy_Park@rodriguez-west.com,19551029,69451423,Roy,Park,true,Park_a639e
Jonathan Castro,Jonathan_Castro@sandoval.com,19700409,95059239,Jonathan,Castro,true,Castro_49d90
Richard Carroll,Richard_Carroll@massey-gardner.com,19610526,61422551,Richard,Carroll,true,Carroll_78391
Michelle Fletcher,Michelle_Fletcher@anderson.com,19831024,15665159,Michelle,Fletcher,true,Fletcher_e6fff
Carol Murphy,Carol_Murphy@lowe.com,19640317,54241135,Carol,Murphy,true,Murphy_ecd95
Michael Russell,Michael_Russell@orozco.com,19680308,24280095,Michael,Russell,true,Russell_203e4
Shawna Andrews,Shawna_Andrews@freeman.com,19981115,12022295,Shawna,Andrews,true,Andrews_776f9
Dana Hernandez,Dana_Hernandez@jackson.com,19940126,50236391,Dana,Hernandez,true,Hernandez_3d7b1
Lauren Harris,Lauren_Harris@long.com,19780811,42605007,Lauren,Harris,true,Harris_e20bd
Sean Morales,Sean_Morales@molina.com,20030920,50605207,Sean,Morales,true,Morales_867f3
John Mendoza,John_Mendoza@mahoney.com,19850519,85845135,John,Mendoza,true,Mendoza_fa60d
Sierra Mcdaniel,Sierra_Mcdaniel@mata.com,20030713,77274903,Sierra,Mcdaniel,true,Mcdaniel_4de3f
Wendy Smith,Wendy_Smith@smith-webb.com,19700128,60349279,Wendy,Smith,true,Smith_85c0b
Leslie Diaz,Leslie_Diaz@thomas-shelton.com,19570430,57506727,Leslie,Diaz,true,Diaz_0bd1d
Grant Snyder,Grant_Snyder@gonzales.com,19731031,23872143,Grant,Snyder,true,Snyder_d3f05
Brandi Jenkins,Brandi_Jenkins@miller.com,19651228,79308567,Brandi,Jenkins,true,Jenkins_27fe6
Amy Haynes,Amy_Haynes@levy.com,19600314,41563455,Amy,Haynes,true,Haynes_18bc2
John Roberts,John_Roberts@hendricks.com,19540315,16513279,John,Roberts,true,Roberts_d606a
Carrie Nelson,Carrie_Nelson@archer-murphy.com,19510609,49242255,Carrie,Nelson,true,Nelson_fde1d
Jacob Hood,Jacob_Hood@evans.com,19560208,24204143,Jacob,Hood,true,Hood_bb6b9
Tracy Charles,Tracy_Charles@rowe.com,19931108,62200511,Tracy,Charles,true,Charles_02485
Brandon Johnson,Brandon_Johnson@ramirez.com,19851003,60862935,Brandon,Johnson,true,Johnson_8eba4
Wendy Nelson,Wendy_Nelson@day.com,19650108,59119063,Wendy,Nelson,true,Nelson_f7fc3
Jasmine Ramsey,Jasmine_Ramsey@jackson.com,19500407,16447279,Jasmine,Ramsey,true,Ramsey_843ef
William Beltran,William_Beltran@bean.com,19850313,16495975,William,Beltran,true,Beltran_b42ac
Gerald Stuart,Gerald_Stuart@strong.net,19950810,98421991,Gerald,Stuart,true,Stuart_42d02
Jacob Vaughan,Jacob_Vaughan@martinez.com,19830908,69615007,Jacob,Vaughan,true,Vaughan_40056
Matthew Fuentes,Matthew_Fuentes@miranda.com,19660329,33411447,Matthew,Fuentes,true,Fuentes_0598c
April Carpenter,April_Carpenter@page.com,19710929,97274415,April,Carpenter,true,Carpenter_4acee
Rachel Garcia,Rachel_Garcia@neal.com,19961021,87786127,Rachel,Garcia,true,Garcia_d383b
Patrick Madden,Patrick_Madden@sanders.com,19941101,35389647,Patrick,Madden,true,Madden_d8100
Angela Myers,Angela_Myers@rodriguez.com,19740126,59457063,Angela,Myers,true,Myers_96365
Wayne Baker,Wayne_Baker@brown.com,19671227,92067207,Wayne,Baker,true,Baker_726e6
Haley Cox,Haley_Cox@lewis.com,19641001,27911351,Haley,Cox,true,Cox_c2d50
Dan Sanders,Dan_Sanders@klein-hernandez.com,19500813,30043759,Dan,Sanders,true,Sanders_65a5d
Thomas Fisher,Thomas_Fisher@phillips.com,19850415,99090999,Thomas,Fisher,true,Fisher_cd40a
Taylor Lopez,Taylor_Lopez@jones-salazar.com,19570522,17889439,Taylor,Lopez,true,Lopez_d2a7d
Jeffrey Macias,Jeffrey_Macias@cox.com,19900310,98485783,Jeffrey,Macias,true,Macias_76606
Brian Drake,Brian_Drake@hurst-price.net,19621102,83466007,Brian,Drake,true,Drake_1697c
Timothy Jordan,Timothy_Jordan@young.com,19991228,77411263,Timothy,Jordan,true,Jordan_26d57
Kathy Leblanc,Kathy_Leblanc@warren-gray.com,19810227,69067343,Kathy,Leblanc,true,Leblanc_25e89
William Floyd,William_Floyd@duran.com,19720713,27758191,William,Floyd,true,Floyd_ee7c0
Angela Hayden,Angela_Hayden@barry.net,19960623,28574351,Angela,Hayden,true,Hayden_44dbe
Renee Hodges,Renee_Hodges@hamilton.com,19871228,63899519,Renee,Hodges,true,Hodges_c3205
Samantha Miller,Samantha_Miller@mcmahon.com,19650406,41451647,Samantha,Miller,true,Miller_b1a7b
Lauren Orozco,Lauren_Orozco@sanchez.com,20000126,71540231,Lauren,Orozco,true,Orozco_32e5d
April Owen,April_Owen@sanchez.com,19670923,16552967,April,Owen,true,Owen_1c1c8
Mr. Evan Russell,Evan_Russell@ferguson.net,19590120,75209343,Evan,Russell,true,Russell_eeae9
Brent Castaneda,Brent_Castaneda@garcia.com,19580307,80875871,Brent,Castaneda,true,Castaneda_1e9a5
Gregory Peters,Gregory_Peters@ray.net,19900902,78256247,Gregory,Peters,true,Peters_62c2d
Matthew Salazar,Matthew_Salazar@jones-jones.com,19991211,50895327,Matthew,Salazar,true,Salazar_8a391
Natasha Martinez,Natasha_Martinez@west.com,19680418,55194439,Natasha,Martinez,true,Martinez_fa7cb
Charles Powell,Charles_Powell@knight.com,19970906,47215879,Charles,Powell,true,Powell_89e26
Brian Powell,Brian_Powell@hernandez.com,19591115,67153775,Brian,Powell,true,Powell_c3379
Laura Sandoval,Laura_Sandoval@brown.com,19860913,17475623,Laura,Sandoval,true,Sandoval_6592d
Mr. Charles Gonzalez,Charles_Gonzalez@navarro.com,19710404,94465511,Charles,Gonzalez,true,Gonzalez_bc4a4
Nicholas Caldwell,Nicholas_Caldwell@hurley-bass.com,19770714,42525999,Nicholas,Caldwell,true,Caldwell_92d76
Brian Wyatt,Brian_Wyatt@wright-young.com,19581211,63631399,Brian,Wyatt,true,Wyatt_ac546
Ryan Garcia,Ryan_Garcia@vazquez-wells.com,19930815,26856535,Ryan,Garcia,true,Garcia_a540e
Megan Anderson,Megan_Anderson@wilson-murillo.com,19700729,21736903,Megan,Anderson,true,Anderson_a86c0
Pamela Hughes,Pamela_Hughes@charles-costa.com,19870613,40181295,Pamela,Hughes,true,Hughes_5403f
Tiffany Scott,Tiffany_Scott@davis.com,19861110,76272207,Tiffany,Scott,true,Scott_af31d
Stanley Conway,Stanley_Conway@adams.com,19850905,71853567,Stanley,Conway,true,Conway_b17c3
Yolanda Petty,Yolanda_Petty@dunlap-brown.com,19910125,69674519,Yolanda,Petty,true,Petty_89b4f
Tara Jones,Tara_Jones@blankenship.net,19850303,49275455,Tara,Jones,true,Jones_7290c
George Williams,George_Williams@patton.com,19810319,69991287,George,Williams,true,Williams_c20d3
Lori Allen,Lori_Allen@valdez-phillips.com,20020916,28175727,Lori,Allen,true,Allen_8c000
Charles Kelly,Charles_Kelly@dalton.com,19690401,62777351,Charles,Kelly,true,Kelly_0c61d
Jonathan Villa,Jonathan_Villa@suarez.com,19751203,80471287,Jonathan,Villa,true,Villa_19bdd
Cindy Jackson,Cindy_Jackson@garcia-burch.com,19670727,60954247,Cindy,Jackson,true,Jackson_40b1b
Scott Williams,Scott_Williams@keller-wong.com,19800308,85799255,Scott,Williams,true,Williams_10ae3
Dylan Hernandez,Dylan_Hernandez@singleton-johnson.com,19950301,31405951,Dylan,Hernandez,true,Hernandez_04544
Michelle Garcia,Michelle_Garcia@lynch.com,19801017,52895823,Michelle,Garcia,true,Garcia_6967c
Matthew Bailey,Matthew_Bailey@benjamin.com,19870728,39436023,Matthew,Bailey,true,Bailey_255ab
Curtis Flynn,Curtis_Flynn@cook-drake.com,19780926,58787463,Curtis,Flynn,true,Flynn_066c3
Thomas Perez,Thomas_Perez@greene-lopez.com,19630220,96377439,Thomas,Perez,true,Perez_7a5c3
Sheri Kline,Sheri_Kline@hinton.com,19940609,33546343,Sheri,Kline,true,Kline_e724e
Mr. Jeff Baker,Jeff_Baker@bentley.com,19670424,57871767,Jeff,Baker,true,Baker_4cd37
Shannon Thomas,Shannon_Thomas@dawson-alexander.com,19680903,18892279,Shannon,Thomas,true,Thomas_2a3b9
Jeffrey Murray,Jeffrey_Murray@jones.net,19821221,27473887,Jeffrey,Murray,true,Murray_8d3f7
Kristin Wagner,Kristin_Wagner@clayton.com,19970129,66045343,Kristin,Wagner,true,Wagner_83f4e
Nicole Shea,Nicole_Shea@mcclure.com,19560102,28795599,Nicole,Shea,true,Shea_abeb3
Patty Smith,Patty_Smith@ross.com,19750827,59428759,Patty,Smith,true,Smith_c7677
Sean Wang DDS,Sean_Wang@gibson-calderon.com,19600311,25595367,Sean,Wang,true,Wang_04168
Richard Estrada,Richard_Estrada@malone.com,19921015,22821527,Richard,Estrada,true,Estrada_0bf5b
Jackson Cline,Jackson_Cline@hudson.net,19710121,48056519,Jackson,Cline,true,Cline_825fb
Allen Williams,Allen_Williams@sanchez.net,19971109,77991519,Allen,Williams,true,Williams_3e726
Eric Flores,Eric_Flores@dillon-patterson.com,19820107,36641663,Eric,Flores,true,Flores_f6828
Anna Richardson,Anna_Richardson@perry.com,19670223,64083047,Anna,Richardson,true,Richardson_ef158
Taylor Gomez,Taylor_Gomez@johnston.com,19821022,24007567,Taylor,Gomez,true,Gomez_876bf
Jeremy Rodriguez,Jeremy_Rodriguez@roth.com,19780828,32567967,Jeremy,Rodriguez,true,Rodriguez_93ac7
April Garcia,April_Garcia@hall.com,19871231,24650447,April,Garcia,true,Garcia_26b55
Sharon Garza,Sharon_Garza@duran.com,20020830,59411567,Sharon,Garza,true,Garza_40199
Lori Sanchez,Lori_Sanchez@hardin-warner.net,19980420,76989167,Lori,Sanchez,true,Sanchez_364a7
Jason Armstrong,Jason_Armstrong@curtis.com,19921116,68514503,Jason,Armstrong,true,Armstrong_e2fb8
Jessica Allison,Jessica_Allison@harper.com,19721030,66821135,Jessica,Allison,true,Allison_0c21b
Arthur Hall MD,Arthur_Hall@gonzalez.com,19940311,65493407,Arthur,Hall,true,Hall_5eccd
Sherry Meza,Sherry_Meza@west.com,19970409,33491119,Sherry,Meza,true,Meza_5bcfa
Matthew Turner,Matthew_Turner@martinez.com,19940707,73291455,Matthew,Turner,true,Turner_0303a
Sophia Randolph,Sophia_Randolph@leonard-ramirez.com,19500807,94510479,Sophia,Randolph,true,Randolph_76c7a
Dr. Samuel Thompson,Samuel_Thompson@sanchez-carroll.com,19840304,99063183,Samuel,Thompson,true,Thompson_8382b
Zachary Lee,Zachary_Lee@smith.com,19870704,36447751,Zachary,Lee,true,Lee_76cce
Kara Pittman,Kara_Pittman@gomez-vaughn.com,19680525,80502567,Kara,Pittman,true,Pittman_44c4d
Gabriella Anthony,Gabriella_Anthony@castro.com,19970106,89108943,Gabriella,Anthony,true,Anthony_ebd30
Misty Cantrell,Misty_Cantrell@flores-decker.com,19570303,79619831,Misty,Cantrell,true,Cantrell_b19eb
Kelly Guerrero,Kelly_Guerrero@riggs.com,19970203,53052583,Kelly,Guerrero,true,Guerrero_d55cb
David Nichols,David_Nichols@rocha.com,19620819,62269575,David,Nichols,true,Nichols_9226a
Shawn Galloway,Shawn_Galloway@johnston.com,19850419,17471367,Shawn,Galloway,true,Galloway_1a4d2
Dennis Sanford,Dennis_Sanford@lopez-archer.com,19800806,88084407,Dennis,Sanford,true,Sanford_c7e24
Amanda Murphy,Amanda_Murphy@bright-gibbs.net,20000730,30501351,Amanda,Murphy,true,Murphy_0851c
Bobby Martin,Bobby_Martin@jackson.com,20000331,43871143,Bobby,Martin,true,Martin_35f44
Vernon Bishop,Vernon_Bishop@clark-larson.com,19730710,78396487,Vernon,Bishop,true,Bishop_b0506
Phillip Meyers,Phillip_Meyers@mcneil-williams.com,19601022,95409119,Phillip,Meyers,true,Meyers_2871d
Robert Martin,Robert_Martin@crawford.com,19500718,78547615,Robert,Martin,true,Martin_6f48d
William Taylor,William_Taylor@warner-morgan.net,19860131,42996791,William,Taylor,true,Taylor_4fbc5
Michael Brady,Michael_Brady@wells-sanders.com,19500323,65342263,Michael,Brady,true,Brady_bd431
James Rhodes,James_Rhodes@green.com,19771010,27465295,James,Rhodes,true,Rhodes_df266
Ryan Ramirez,Ryan_Ramirez@pham.com,19850425,67907071,Ryan,Ramirez,true,Ramirez_5ff32
Stephen Thompson,Stephen_Thompson@hess.com,19511112,75033031,Stephen,Thompson,true,Thompson_52cd0
Susan Williams,Susan_Williams@rowland.com,19761205,95688383,Susan,Williams,true,Williams_3b0d4
Dylan Johnson,Dylan_Johnson@montgomery.com,19960107,52048815,Dylan,Johnson,true,Johnson_d53b7
Pamela King,Pamela_King@soto.net,19930929,72515095,Pamela,King,true,King_01148
Robert Smith,Robert_Smith@joyce.com,19870424,76366335,Robert,Smith,true,Smith_634dd
Samantha Gonzalez,Samantha_Gonzalez@rios-fletcher.com,19980829,40456647,Samantha,Gonzalez,true,Gonzalez_31e9a
Jeffery Walker,Jeffery_Walker@watson.com,19560624,46574799,Jeffery,Walker,true,Walker_ba5b7
Todd Alvarez,Todd_Alvarez@vaughn.com,19741125,42011263,Todd,Alvarez,true,Alvarez_7bc5d
Brett Willis,Brett_Willis@gibbs.com,19610908,86342007,Brett,Willis,true,Willis_d0046
Kristin Wilkins,Kristin_Wilkins@harvey.com,20020511,84393855,Kristin,Wilkins,true,Wilkins_48a0a
Joshua Lynch,Joshua_Lynch@daniels.com,19650526,71572839,Joshua,Lynch,true,Lynch_49515
Deborah Williams,Deborah_Williams@howard.com,19841121,11357647,Deborah,Williams,true,Williams_e69d3
Timothy Martin,Timothy_Martin@camacho-sparks.net,20030501,92008191,Timothy,Martin,true,Martin_6cf84
Sarah Bright,Sarah_Bright@winters.com,19981115,24327743,Sarah,Bright,true,Bright_776f9
Rebecca Anderson,Rebecca_Anderson@carter-ramirez.com,19730827,27023231,Rebecca,Anderson,true,Anderson_48071
Roger Frost,Roger_Frost@cole-robinson.com,19700217,94120431,Roger,Frost,true,Frost_5ba4a
Eric Dunn,Eric_Dunn@reese.com,19601207,13714207,Eric,Dunn,true,Dunn_84e93
Heather Pierce,Heather_Pierce@williams-edwards.com,19570813,32413999,Heather,Pierce,true,Pierce_1096d
Jordan Erickson,Jordan_Erickson@martinez.com,19750802,64756655,Jordan,Erickson,true,Erickson_6b984
Susan Ali,Susan_Ali@leach.com,19990105,74229143,Susan,Ali,true,Ali_f361f
Richard Wilson,Richard_Wilson@hernandez.com,19990703,36349175,Richard,Wilson,true,Wilson_f0626
Jon Butler,Jon_Butler@blackwell.com,19870318,78121695,Jon,Butler,true,Butler_a60e8
Paul Phillips,Paul_Phillips@vance.com,19970216,11213063,Paul,Phillips,true,Phillips_01acd
Adam Parker,Adam_Parker@yoder.com,19980722,27783391,Adam,Parker,true,Parker_5ebc0
Cory Walker,Cory_Walker@torres.net,19621208,37614935,Cory,Walker,true,Walker_a21be
Jeffrey Sanchez,Jeffrey_Sanchez@jones-butler.com,19950914,73226919,Jeffrey,Sanchez,true,Sanchez_cf3c9
Bianca Martin,Bianca_Martin@mitchell.com,19780205,86924127,Bianca,Martin,true,Martin_7bf56
Jeffrey King,Jeffrey_King@hicks-boyd.com,19770623,68622991,Jeffrey,King,true,King_2f8a4
Melanie Wiggins,Melanie_Wiggins@mcdonald-rice.com,20000214,91699615,Melanie,Wiggins,true,Wiggins_c46e0
Mr. Daniel Smith,Daniel_Smith@cummings.com,19860308,26613823,Daniel,Smith,true,Smith_e0b77
Scott Lawrence,Scott_Lawrence@aguilar.com,19760104,59217375,Scott,Lawrence,true,Lawrence_fbccd
James Sosa,James_Sosa@robles-hawkins.com,19570811,47053447,James,Sosa,true,Sosa_84005
Jamie Jackson,Jamie_Jackson@carr.com,19770526,71512687,Jamie,Jackson,true,Jackson_b5943
Jeffrey Hatfield,Jeffrey_Hatfield@morgan-erickson.com,19701014,69441735,Jeffrey,Hatfield,true,Hatfield_bf691
James Phillips,James_Phillips@green-taylor.com,19611019,89808183,James,Phillips,true,Phillips_c68d2
Jessica Moore,Jessica_Moore@harrison-bautista.com,19990905,27155335,Jessica,Moore,true,Moore_555b6
Richard Anderson,Richard_Anderson@peck-franklin.com,19700405,24730327,Richard,Anderson,true,Anderson_6c12a
Lauren Hahn,Lauren_Hahn@simmons.com,19720620,15132727,Lauren,Hahn,true,Hahn_38908
Faith Edwards,Faith_Edwards@price.net,19770726,44653063,Faith,Edwards,true,Edwards_96edd
Laura Vargas,Laura_Vargas@gallagher-young.com,19770910,40816943,Laura,Vargas,true,Vargas_b176f
Sarah Lewis,Sarah_Lewis@wyatt.com,19810225,37945839,Sarah,Lewis,true,Lewis_f236b
Brad Huff,Brad_Huff@moore.com,19611227,28207575,Brad,Huff,true,Huff_88806
Alexander Richardson,Alexander_Richardson@perez.com,19581025,34675335,Alexander,Richardson,true,Richardson_e102e
Matthew Moore,Matthew_Moore@nichols.com,20030707,66391671,Matthew,Moore,true,Moore_4788f
Joseph Howard,Joseph_Howard@williams.com,19520726,46746383,Joseph,Howard,true,Howard_99bdb
Anne Richards,Anne_Richards@mccarthy.com,19690609,84963423,Anne,Richards,true,Richards_e1b0f
Derek Thomas,Derek_Thomas@green.com,19640724,37329863,Derek,Thomas,true,Thomas_a6b2a
Joseph Bonilla,Joseph_Bonilla@freeman.com,19740508,66912183,Joseph,Bonilla,true,Bonilla_07c60
Gary Barber,Gary_Barber@roberts.net,19551112,44790343,Gary,Barber,true,Barber_8e448
Brian Johnson,Brian_Johnson@carr.com,19810617,76631695,Brian,Johnson,true,Johnson_01409
Christine Peterson,Christine_Peterson@hamilton.com,19741119,57627175,Christine,Peterson,true,Peterson_d3043
Christopher Bautista,Christopher_Bautista@rodgers.com,19940212,48834663,Christopher,Bautista,true,Bautista_06ca7
Barbara Krueger,Barbara_Krueger@strong.com,19520322,30905343,Barbara,Krueger,true,Krueger_f41b0
Monica Oconnor,Monica_Oconnor@gordon.com,19800107,97887295,Monica,Oconnor,true,Oconnor_5d9be
Peggy Johnson,Peggy_Johnson@berg.com,19720328,34795631,Peggy,Johnson,true,Johnson_317e0
Susan Herrera,Susan_Herrera@gomez.com,19550826,24027735,Susan,Herrera,true,Herrera_2275e
Andrew Matthews,Andrew_Matthews@ramos-vaughn.com,19880219,90821359,Andrew,Matthews,true,Matthews_33105
Erin Kennedy,Erin_Kennedy@hendricks-mason.com,19650109,35865639,Erin,Kennedy,true,Kennedy_e1e07
Jason Lopez,Jason_Lopez@wood-hill.com,19740830,11287127,Jason,Lopez,true,Lopez_ad64b
Jerry Clark,Jerry_Clark@perez.com,19950928,46859655,Jerry,Clark,true,Clark_850e2
Alyssa Kim,Alyssa_Kim@beck-zuniga.com,19901108,59732335,Alyssa,Kim,true,Kim_61638
Courtney Williams,Courtney_Williams@garner.com,19990919,27598999,Courtney,Williams,true,Williams_225d6
Matthew Nelson,Matthew_Nelson@hunt.com,19580127,45515247,Matthew,Nelson,true,Nelson_49b51
Robert Moore,Robert_Moore@young.com,19550415,19512199,Robert,Moore,true,Moore_bd6b1
Nicole Mcgee,Nicole_Mcgee@reyes.com,19590303,34539135,Nicole,Mcgee,true,Mcgee_84007
Danielle Hunter,Danielle_Hunter@ballard.com,19710811,99947039,Danielle,Hunter,true,Hunter_c76d0
Kelly Perez,Kelly_Perez@ward-wilson.com,19600519,60614735,Kelly,Perez,true,Perez_016c7
Mary Odom,Mary_Odom@morgan-reynolds.com,19630813,98738367,Mary,Odom,true,Odom_e8796
Arthur Gibson II,Arthur_Gibson@thompson-thompson.com,19610306,75411807,Arthur,II,true,II_7ade8
Christopher Miller,Christopher_Miller@kelly.com,19850131,16222031,Christopher,Miller,true,Miller_5a80b
Amber Hopkins,Amber_Hopkins@hall.com,19750831,15289039,Amber,Hopkins,true,Hopkins_7c2f6
Nancy Garcia,Nancy_Garcia@lewis-hayden.com,19680305,62971303,Nancy,Garcia,true,Garcia_76b84
Alex Rhodes,Alex_Rhodes@russell.net,19780913,75808519,Alex,Rhodes,true,Rhodes_a5121
Daniel Bennett,Daniel_Bennett@stephens-oneill.com,19730228,20776023,Daniel,Bennett,true,Bennett_1ed65
Kevin Woodard,Kevin_Woodard@lynch.com,19550809,30319911,Kevin,Woodard,true,Woodard_0dee6
Alan Peterson,Alan_Peterson@burch.com,19760129,88993663,Alan,Peterson,true,Peterson_9e709
Jacob Grant,Jacob_Grant@cummings.com,19911204,94196575,Jacob,Grant,true,Grant_46694
Gabrielle Johnson,Gabrielle_Johnson@serrano.com,19580610,35424207,Gabrielle,Johnson,true,Johnson_aa25e
Caleb Morales,Caleb_Morales@collins.com,19660329,69459679,Caleb,Morales,true,Morales_0598c
James Dominguez,James_Dominguez@black.com,19881205,49527207,James,Dominguez,true,Dominguez_e2663
Kathryn Cardenas,Kathryn_Cardenas@skinner.com,19830508,81016239,Kathryn,Cardenas,true,Cardenas_35ae4
Jeffrey Santiago,Jeffrey_Santiago@duncan.com,19750228,93827623,Jeffrey,Santiago,true,Santiago_5cbec
Andrew Mclaughlin,Andrew_Mclaughlin@fitzpatrick-lucas.com,19730514,66417719,Andrew,Mclaughlin,true,Mclaughlin_b2423
Mr. Bryan Porter,Bryan_Porter@elliott.com,19570214,88089671,Bryan,Porter,true,Porter_e9e42
Brendan Smith,Brendan_Smith@williams.com,19580516,67839775,Brendan,Smith,true,Smith_750a9
Jeffrey Hernandez,Jeffrey_Hernandez@mcdaniel.com,19891231,76263607,Jeffrey,Hernandez,true,Hernandez_f3251
Michael Miller,Michael_Miller@taylor-moore.com,19640520,17581687,Michael,Miller,true,Miller_375ad
Theresa Newman,Theresa_Newman@perry-scott.com,19941129,36575799,Theresa,Newman,true,Newman_069d1
Paul Romero,Paul_Romero@middleton-jones.com,19601007,98843943,Paul,Romero,true,Romero_7ffde
Janet Choi MD,Janet_Choi@neal.com,19860718,66675695,Janet,Choi,true,Choi_e37de
Mark Bender,Mark_Bender@oneal-wilkins.com,19690911,27354911,Mark,Bender,true,Bender_b8ade
Abigail Brown,Abigail_Brown@jones-underwood.com,19800810,15726143,Abigail,Brown,true,Brown_7bef7
Antonio Dominguez,Antonio_Dominguez@nichols.com,19801115,75861007,Antonio,Dominguez,true,Dominguez_821d7
Tony Morris,Tony_Morris@davis.com,19700805,33280551,Tony,Morris,true,Morris_1057d
Randy Carlson,Randy_Carlson@rivera.com,19550530,51211679,Randy,Carlson,true,Carlson_d8db2
Mitchell Pierce,Mitchell_Pierce@houston-conway.net,20010824,96845551,Mitchell,Pierce,true,Pierce_7e42c
Angela West,Angela_West@anderson-fitzgerald.com,19810427,59397207,Angela,West,true,West_0afba
Kevin Peters,Kevin_Peters@edwards.com,19670602,28855487,Kevin,Peters,true,Peters_4b936
Benjamin Conway,Benjamin_Conway@burton-paul.com,19551228,23338319,Benjamin,Conway,true,Conway_b14b9
Andrew Stewart,Andrew_Stewart@wong.com,19511202,19799879,Andrew,Stewart,true,Stewart_c3765
Brenda Jones,Brenda_Jones@lang.com,19550804,62608823,Brenda,Jones,true,Jones_e27fe
Elizabeth Bailey,Elizabeth_Bailey@stephenson-arnold.com,19630101,20218071,Elizabeth,Bailey,true,Bailey_5c8a5
Kelly Levy,Kelly_Levy@barajas.com,19940805,74468255,Kelly,Levy,true,Levy_1b739
Thomas Burton,Thomas_Burton@dunn-avery.net,19750419,14613071,Thomas,Burton,true,Burton_e624b
Paul Peterson,Paul_Peterson@bullock.com,20021225,59148863,Paul,Peterson,true,Peterson_c41f4
Michael Reilly,Michael_Reilly@cooper.net,19720514,33876967,Michael,Reilly,true,Reilly_1c829
Alejandra Martinez,Alejandra_Martinez@jones.com,19791221,87381327,Alejandra,Martinez,true,Martinez_d6f6b
Timothy Sanders,Timothy_Sanders@harrell.com,19521003,63453583,Timothy,Sanders,true,Sanders_e813f
Latoya Little,Latoya_Little@martinez.com,19780708,43404335,Latoya,Little,true,Little_9b0c8
Sarah Harvey,Sarah_Harvey@martin-smith.com,19600331,58520471,Sarah,Harvey,true,Harvey_119d2
Melissa Ortiz,Melissa_Ortiz@lee-malone.com,19580729,49637727,Melissa,Ortiz,true,Ortiz_84be0
Brooke Hernandez,Brooke_Hernandez@benitez.com,19911114,97309975,Brooke,Hernandez,true,Hernandez_bcb5b
Lisa Livingston,Lisa_Livingston@glover.com,19500423,20519415,Lisa,Livingston,true,Livingston_19295
Eugene Mason,Eugene_Mason@gardner.com,19781213,47810855,Eugene,Mason,true,Mason_6bc9b
Daniel Cunningham,Daniel_Cunningham@cooper.com,19730326,78657983,Daniel,Cunningham,true,Cunningham_12799
Alex Smith,Alex_Smith@johnson.com,20020503,58965703,Alex,Smith,true,Smith_894dd
Jessica Vargas,Jessica_Vargas@miller-price.net,19810517,48925903,Jessica,Vargas,true,Vargas_ed53f
Olivia Clark,Olivia_Clark@wade-roberson.com,19741001,67793735,Olivia,Clark,true,Clark_92a9e
Cathy Carney,Cathy_Carney@williams.net,19970522,31104151,Cathy,Carney,true,Carney_0d73a
Haley Baldwin,Haley_Baldwin@bush-wolfe.com,19650413,31940631,Haley,Baldwin,true,Baldwin_b3439
Alexander Wilson,Alexander_Wilson@barron-garcia.com,19881111,13893319,Alexander,Wilson,true,Wilson_51998
April Cole,April_Cole@vargas.com,19610622,65186503,April,Cole,true,Cole_2b0a2
Holly Riley,Holly_Riley@stokes.com,19740728,55620431,Holly,Riley,true,Riley_3e1f8
Jeffrey Poole,Jeffrey_Poole@cross.com,19570204,82077439,Jeffrey,Poole,true,Poole_23f28
Rachel Poole,Rachel_Poole@jones.net,19760807,35095087,Rachel,Poole,true,Poole_46b07
Sheena Ward,Sheena_Ward@wilson-mcbride.com,19730926,96834175,Sheena,Ward,true,Ward_57d0c
Cynthia Smith,Cynthia_Smith@smith.com,19510509,48760255,Cynthia,Smith,true,Smith_8477e
Kevin Clayton,Kevin_Clayton@miller.com,19750807,25081071,Kevin,Clayton,true,Clayton_6ad7d
Sarah Coleman,Sarah_Coleman@novak.com,19500119,37411775,Sarah,Coleman,true,Coleman_db259
Cody Becker,Cody_Becker@hansen.com,19601216,76003567,Cody,Becker,true,Becker_dd317
Miss Molly Miller,Molly_Miller@king-kelly.net,19770511,99947663,Miss,Miller,true,Miller_d8bf5
Craig Bailey,Craig_Bailey@hancock-brown.com,19970713,33032303,Craig,Bailey,true,Bailey_fac5d
Patricia Gray,Patricia_Gray@dawson.com,19660319,18281751,Patricia,Gray,true,Gray_00c0a
Robert Rivera DVM,Robert_Rivera@gibson.com,19500722,35020847,Robert,Rivera,true,Rivera_6a7ce
Miss Michelle Lewis,Michelle_Lewis@wiggins-thornton.com,19830121,64700455,Miss,Lewis,true,Lewis_afe1c
John Owens,John_Owens@callahan.com,19670424,71230983,John,Owens,true,Owens_4cd37
Sarah Smith,Sarah_Smith@kirk.com,19680804,22702359,Sarah,Smith,true,Smith_313dd
Nancy Lucas,Nancy_Lucas@aguilar.com,19830607,91477863,Nancy,Lucas,true,Lucas_b2c40
Christina Murray,Christina_Murray@collins-day.com,19791217,35027583,Christina,Murray,true,Murray_a46c7
Emma Berry,Emma_Berry@charles.com,19940107,34612959,Emma,Berry,true,Berry_c02ad
Christopher Gross,Christopher_Gross@grimes.net,20031114,49217831,Christopher,Gross,true,Gross_2742d
Jason Hawkins,Jason_Hawkins@adams-hunter.com,19541001,31750255,Jason,Hawkins,true,Hawkins_8aa4f
Jeffrey Rodriguez,Jeffrey_Rodriguez@johnson-white.com,19690718,29947599,Jeffrey,Rodriguez,true,Rodriguez_84bf3
Christina Miller,Christina_Miller@marshall-lucas.com,19530425,92153503,Christina,Miller,true,Miller_84bb3
Maria Miller,Maria_Miller@roberts.com,19941221,86317751,Maria,Miller,true,Miller_208dd
Eileen Davis,Eileen_Davis@knox.com,19520404,19544735,Eileen,Davis,true,Davis_3a81f
Harry Miller,Harry_Miller@warner-jackson.com,19890613,63478047,Harry,Miller,true,Miller_4e2a7
Ellen Montes,Ellen_Montes@sellers.com,19610714,16519759,Ellen,Montes,true,Montes_29eaa
Gregory Mclean,Gregory_Mclean@valencia.com,19610801,38860951,Gregory,Mclean,true,Mclean_3b78d
Angela Spencer,Angela_Spencer@lopez.com,19980502,18410783,Angela,Spencer,true,Spencer_071ed
Christina Price,Christina_Price@kennedy-tran.com,19860805,65381695,Christina,Price,true,Price_35238
Amber Randall,Amber_Randall@boyd-freeman.net,19520910,60506343,Amber,Randall,true,Randall_fe7f8
Matthew Morris,Matthew_Morris@boyle-novak.com,19981111,49822607,Matthew,Morris,true,Morris_f9657
Cindy Blackburn,Cindy_Blackburn@bolton.net,20001008,86098071,Cindy,Blackburn,true,Blackburn_0c5fb
Matthew Jacobson,Matthew_Jacobson@bishop-thomas.com,19510412,99110191,Matthew,Jacobson,true,Jacobson_496c2
Stacy Jones,Stacy_Jones@perez.com,19940909,71998399,Stacy,Jones,true,Jones_c6f5d
Scott Zimmerman,Scott_Zimmerman@fischer.com,19560130,70071511,Scott,Zimmerman,true,Zimmerman_881d6
Dakota Silva,Dakota_Silva@barker-miller.com,19791007,41853599,Dakota,Silva,true,Silva_80f7f
Jacob Spencer MD,Jacob_Spencer@jefferson.net,19620226,41992359,Jacob,Spencer,true,Spencer_d5b01
Matthew Oliver,Matthew_Oliver@mitchell.com,19720423,14016935,Matthew,Oliver,true,Oliver_94edc
Roger Maddox,Roger_Maddox@richards.com,19810426,86988519,Roger,Maddox,true,Maddox_6974f
Bryan Gutierrez,Bryan_Gutierrez@short-huerta.net,19881118,84795039,Bryan,Gutierrez,true,Gutierrez_c61e8
Peter Schultz,Peter_Schultz@shah.com,19570829,78301895,Peter,Schultz,true,Schultz_5fff4
Justin Burke,Justin_Burke@johnson.com,19961202,43401655,Justin,Burke,true,Burke_ea689
Sarah Ramsey,Sarah_Ramsey@hayes.com,19640622,63376279,Sarah,Ramsey,true,Ramsey_4c3e8
Michael Chang,Michael_Chang@watkins.com,19900209,99632783,Michael,Chang,true,Chang_e27c8
Pamela Hughes,Pamela_Hughes@rivas-garza.com,19570116,32117783,Pamela,Hughes,true,Hughes_bf91b
Jimmy Morris,Jimmy_Morris@hall-watkins.com,19640120,31836895,Jimmy,Morris,true,Morris_25892
Lauren Romero,Lauren_Romero@davis.com,20020425,50100783,Lauren,Romero,true,Romero_e5750
Adam Jones,Adam_Jones@kline-reeves.com,19570107,83246639,Adam,Jones,true,Jones_2b07e
Matthew Murphy,Matthew_Murphy@graham.com,19600216,18189831,Matthew,Murphy,true,Murphy_5dc4e
Jessica Arroyo,Jessica_Arroyo@flores-evans.com,20021019,24971015,Jessica,Arroyo,true,Arroyo_a6982
Caleb Zuniga,Caleb_Zuniga@stone.net,19681028,36180711,Caleb,Zuniga,true,Zuniga_a2d94
Cheyenne Moreno,Cheyenne_Moreno@hampton.com,19600912,61341887,Cheyenne,Moreno,true,Moreno_8048c
Courtney Lopez,Courtney_Lopez@sanders.com,19710810,35323391,Courtney,Lopez,true,Lopez_93fe3
Kenneth Williamson,Kenneth_Williamson@perez.com,19541003,36169599,Kenneth,Williamson,true,Williamson_b834c
Bruce Browning,Bruce_Browning@robertson-baldwin.com,19631113,22984503,Bruce,Browning,true,Browning_1f631
Shannon Gilbert,Shannon_Gilbert@brown-schaefer.com,19920613,34472903,Shannon,Gilbert,true,Gilbert_cba39
Amanda Brown,Amanda_Brown@williams.com,19541218,52400391,Amanda,Brown,true,Brown_cde99
Riley Gomez,Riley_Gomez@hoffman.com,19810211,20838807,Riley,Gomez,true,Gomez_010a6
Shelby Price,Shelby_Price@fuller.net,19860807,74350543,Shelby,Price,true,Price_e8f96
Scott Harris,Scott_Harris@mullins.com,19901214,36307567,Scott,Harris,true,Harris_fc222
Bonnie Franklin,Bonnie_Franklin@gillespie.com,19880714,22008807,Bonnie,Franklin,true,Franklin_f8d94
Ashley Morris,Ashley_Morris@marshall.net,20021001,13085855,Ashley,Morris,true,Morris_73a97
Jack Jensen,Jack_Jensen@kent-williamson.net,19601229,93571087,Jack,Jensen,true,Jensen_676e2
Daniel Armstrong,Daniel_Armstrong@brown.com,19820714,18991247,Daniel,Armstrong,true,Armstrong_f79a4
Susan Donovan,Susan_Donovan@jordan-anderson.com,19690130,85222335,Susan,Donovan,true,Donovan_6c619
Michael Powell,Michael_Powell@mccall.com,19941127,63894311,Michael,Powell,true,Powell_4f74d
Alexander Lowe,Alexander_Lowe@morris.com,19610508,93074023,Alexander,Lowe,true,Lowe_73be1
